route,case,block_dims,oracle,chunk,head,actual_dtype,categories,golden_max_abs,golden_max_in_FP32_min_normal_units,normal_subset_l2,normal_subset_budget,cpu_normal,cpu_subnormal_flushed_to_signed_zero,cpu_subnormal_actual_nonzero,cpu_subnormal_actual_nonzero_numerically_exact,cpu_zero_actual_nonzero,candidate_equals_old_npu_bitwise,candidate_old_max_ulp,numerical_acceptance
chunk,nearzero_c2_g4_rbf16_vbf16_flags010,1/2/3/4,independent,1,1,torch.bfloat16,CPU_subnormal_to_signed_zero,1.1480469776717109e-38,0.9766503572463989,,0.05,0,7749,0,0,0,True,0,failed
chunk,nearzero_c2_g4_rbf16_vbf16_flags010,1/2/3/4,fla,1,1,torch.bfloat16,CPU_subnormal_to_signed_zero,1.1480478184507895e-38,0.9766510725021362,,0.05,0,7753,0,0,0,True,0,failed
chunk,nearzero_c2_g4_rbf16_vbf16_flags011,1/2/3/4,independent,1,1,torch.bfloat16,CPU_subnormal_to_signed_zero,1.148046697412018e-38,0.9766501188278198,,0.05,0,7975,0,0,0,True,0,failed
chunk,nearzero_c2_g4_rbf16_vbf16_flags011,1/2/3/4,fla,1,1,torch.bfloat16,CPU_subnormal_to_signed_zero,1.1480464171523252e-38,0.9766498804092407,,0.05,0,7978,0,0,0,True,0,failed
chunk,nearzero_c2_g4_rf32_vbf16_flags010,1/2/3/4,independent,1,1,torch.bfloat16,CPU_subnormal_to_signed_zero,1.1416501903119145e-38,0.9712085723876953,,0.05,0,7750,0,0,0,True,0,failed
chunk,nearzero_c2_g4_rf32_vbf16_flags010,1/2/3/4,fla,1,1,torch.bfloat16,CPU_subnormal_to_signed_zero,1.141650330441761e-38,0.9712086915969849,,0.05,0,7756,0,0,0,True,0,failed
chunk,nearzero_c2_g4_rf32_vbf16_flags011,1/2/3/4,independent,1,1,torch.bfloat16,CPU_subnormal_to_signed_zero,1.1416490692731431e-38,0.9712076187133789,,0.05,0,7982,0,0,0,True,0,failed
chunk,nearzero_c2_g4_rf32_vbf16_flags011,1/2/3/4,fla,1,1,torch.bfloat16,CPU_subnormal_to_signed_zero,1.1416483686239109e-38,0.9712070226669312,,0.05,0,7977,0,0,0,True,0,failed
chunk,nearzero_c2_g8_rbf16_vbf16_flags010,1/2/3/4,independent,1,1,torch.bfloat16,contains_CPU_FP32_normal;CPU_subnormal_to_signed_zero;CPU_subnormal_to_nonzero_candidate,3.223342734068649e-37,27.421167373657227,0.18840924222990063,0.05,480,7376,33,0,0,False,1,failed
chunk,nearzero_c2_g8_rbf16_vbf16_flags010,1/2/3/4,independent,1,2,torch.bfloat16,contains_CPU_FP32_normal;CPU_subnormal_to_signed_zero,2.7265456583937977e-38,2.319488525390625,0.964615724949192,0.05,41,7735,0,0,0,True,0,failed
chunk,nearzero_c2_g8_rbf16_vbf16_flags010,1/2/3/4,independent,1,3,torch.bfloat16,CPU_subnormal_to_signed_zero,1.8490371457504896e-39,0.15729868412017822,,0.05,0,7722,0,0,0,True,0,failed
chunk,nearzero_c2_g8_rbf16_vbf16_flags010,1/2/3/4,independent,1,4,torch.bfloat16,CPU_subnormal_to_signed_zero,7.947744500111065e-41,0.00676119327545166,,0.05,0,7625,0,0,0,True,0,failed
chunk,nearzero_c2_g8_rbf16_vbf16_flags010,1/2/3/4,fla,1,1,torch.bfloat16,contains_CPU_FP32_normal;CPU_subnormal_to_signed_zero;CPU_subnormal_to_nonzero_candidate,3.2233431824841578e-37,27.421171188354492,0.18840924467599415,0.05,480,7335,33,0,0,False,1,failed
chunk,nearzero_c2_g8_rbf16_vbf16_flags010,1/2/3/4,fla,1,2,torch.bfloat16,contains_CPU_FP32_normal;CPU_subnormal_to_signed_zero,2.7265456583937977e-38,2.319488525390625,0.9646157372996639,0.05,41,7723,0,0,0,True,0,failed
chunk,nearzero_c2_g8_rbf16_vbf16_flags010,1/2/3/4,fla,1,3,torch.bfloat16,CPU_subnormal_to_signed_zero,1.8490315405566323e-39,0.15729820728302002,,0.05,0,7686,0,0,0,True,0,failed
chunk,nearzero_c2_g8_rbf16_vbf16_flags010,1/2/3/4,fla,1,4,torch.bfloat16,CPU_subnormal_to_signed_zero,7.94802475980393e-41,0.006761431694030762,,0.05,0,7588,0,0,0,True,0,failed
chunk,nearzero_c2_g8_rbf16_vbf16_flags011,1/2/3/4,independent,1,1,torch.bfloat16,contains_CPU_FP32_normal;CPU_subnormal_to_signed_zero;CPU_subnormal_to_nonzero_candidate,3.2233422856531406e-37,27.42116355895996,0.18840923743026367,0.05,480,7532,33,0,0,True,0,failed
chunk,nearzero_c2_g8_rbf16_vbf16_flags011,1/2/3/4,independent,1,2,torch.bfloat16,contains_CPU_FP32_normal;CPU_subnormal_to_signed_zero,2.7265462189131834e-38,2.319489002227783,0.9646157705515211,0.05,41,7942,0,0,0,True,0,failed
chunk,nearzero_c2_g8_rbf16_vbf16_flags011,1/2/3/4,independent,1,3,torch.bfloat16,CPU_subnormal_to_signed_zero,1.8490329418550967e-39,0.15729832649230957,,0.05,0,7922,0,0,0,True,0,failed
chunk,nearzero_c2_g8_rbf16_vbf16_flags011,1/2/3/4,independent,1,4,torch.bfloat16,CPU_subnormal_to_signed_zero,7.948865538882525e-41,0.006762146949768066,,0.05,0,7881,0,0,0,True,0,failed
chunk,nearzero_c2_g8_rbf16_vbf16_flags011,1/2/3/4,fla,1,1,torch.bfloat16,contains_CPU_FP32_normal;CPU_subnormal_to_signed_zero;CPU_subnormal_to_nonzero_candidate,3.2233422856531406e-37,27.42116355895996,0.1884092497723758,0.05,480,7520,33,0,0,True,0,failed
chunk,nearzero_c2_g8_rbf16_vbf16_flags011,1/2/3/4,fla,1,2,torch.bfloat16,contains_CPU_FP32_normal;CPU_subnormal_to_signed_zero,2.7265462189131834e-38,2.319489002227783,0.9646157563753635,0.05,41,7934,0,0,0,True,0,failed
chunk,nearzero_c2_g8_rbf16_vbf16_flags011,1/2/3/4,fla,1,3,torch.bfloat16,CPU_subnormal_to_signed_zero,1.849021731467382e-39,0.15729737281799316,,0.05,0,7898,0,0,0,True,0,failed
chunk,nearzero_c2_g8_rbf16_vbf16_flags011,1/2/3/4,fla,1,4,torch.bfloat16,CPU_subnormal_to_signed_zero,7.949005668728957e-41,0.006762266159057617,,0.05,0,7903,0,0,0,True,0,failed
chunk,nearzero_c2_g8_rf32_vbf16_flags010,1/2/3/4,independent,1,1,torch.bfloat16,contains_CPU_FP32_normal;CPU_subnormal_to_signed_zero;CPU_subnormal_to_nonzero_candidate,3.2322789825314643e-37,27.497188568115234,0.18630134359285963,0.05,482,7370,37,0,0,False,1,failed
chunk,nearzero_c2_g8_rf32_vbf16_flags010,1/2/3/4,independent,1,2,torch.bfloat16,contains_CPU_FP32_normal;CPU_subnormal_to_signed_zero,2.7000594358599014e-38,2.2969565391540527,0.9618489791094483,0.05,35,7735,0,0,0,True,0,failed
chunk,nearzero_c2_g8_rf32_vbf16_flags010,1/2/3/4,independent,1,3,torch.bfloat16,CPU_subnormal_to_signed_zero,1.843106850649467e-39,0.15679419040679932,,0.05,0,7720,0,0,0,True,0,failed
chunk,nearzero_c2_g8_rf32_vbf16_flags010,1/2/3/4,independent,1,4,torch.bfloat16,CPU_subnormal_to_signed_zero,7.945922812107443e-41,0.0067596435546875,,0.05,0,7633,0,0,0,True,0,failed
chunk,nearzero_c2_g8_rf32_vbf16_flags010,1/2/3/4,fla,1,1,torch.bfloat16,contains_CPU_FP32_normal;CPU_subnormal_to_signed_zero;CPU_subnormal_to_nonzero_candidate,3.2322792067392186e-37,27.497190475463867,0.1863013443718231,0.05,482,7338,37,0,0,False,1,failed
chunk,nearzero_c2_g8_rf32_vbf16_flags010,1/2/3/4,fla,1,2,torch.bfloat16,contains_CPU_FP32_normal;CPU_subnormal_to_signed_zero,2.700060556898673e-38,2.296957492828369,0.9618490065345142,0.05,35,7729,0,0,0,True,0,failed
chunk,nearzero_c2_g8_rf32_vbf16_flags010,1/2/3/4,fla,1,3,torch.bfloat16,CPU_subnormal_to_signed_zero,1.843106850649467e-39,0.15679419040679932,,0.05,0,7680,0,0,0,True,0,failed
chunk,nearzero_c2_g8_rf32_vbf16_flags010,1/2/3/4,fla,1,4,torch.bfloat16,CPU_subnormal_to_signed_zero,7.946203071800308e-41,0.0067598819732666016,,0.05,0,7579,0,0,0,True,0,failed
chunk,nearzero_c2_g8_rf32_vbf16_flags011,1/2/3/4,independent,1,1,torch.bfloat16,contains_CPU_FP32_normal;CPU_subnormal_to_signed_zero;CPU_subnormal_to_nonzero_candidate,3.2322783099082014e-37,27.497182846069336,0.1863013437355842,0.05,482,7538,37,0,0,False,1,failed
chunk,nearzero_c2_g8_rf32_vbf16_flags011,1/2/3/4,independent,1,2,torch.bfloat16,contains_CPU_FP32_normal;CPU_subnormal_to_signed_zero,2.70006027663898e-38,2.29695725440979,0.961849061261442,0.05,35,7942,0,0,0,True,0,failed
chunk,nearzero_c2_g8_rf32_vbf16_flags011,1/2/3/4,independent,1,3,torch.bfloat16,CPU_subnormal_to_signed_zero,1.843102646754074e-39,0.15679383277893066,,0.05,0,7924,0,0,0,True,0,failed
chunk,nearzero_c2_g8_rf32_vbf16_flags011,1/2/3/4,independent,1,4,torch.bfloat16,CPU_subnormal_to_signed_zero,7.94690372103247e-41,0.0067604780197143555,,0.05,0,7880,0,0,0,True,0,failed
chunk,nearzero_c2_g8_rf32_vbf16_flags011,1/2/3/4,fla,1,1,torch.bfloat16,contains_CPU_FP32_normal;CPU_subnormal_to_signed_zero;CPU_subnormal_to_nonzero_candidate,3.23227875832371e-37,27.4971866607666,0.18630133911855354,0.05,482,7512,37,0,0,False,1,failed
chunk,nearzero_c2_g8_rf32_vbf16_flags011,1/2/3/4,fla,1,2,torch.bfloat16,contains_CPU_FP32_normal;CPU_subnormal_to_signed_zero,2.700059996379287e-38,2.296957015991211,0.9618490182299657,0.05,35,7944,0,0,0,True,0,failed
chunk,nearzero_c2_g8_rf32_vbf16_flags011,1/2/3/4,fla,1,3,torch.bfloat16,CPU_subnormal_to_signed_zero,1.8431054493510027e-39,0.15679407119750977,,0.05,0,7895,0,0,0,True,0,failed
chunk,nearzero_c2_g8_rf32_vbf16_flags011,1/2/3/4,fla,1,4,torch.bfloat16,CPU_subnormal_to_signed_zero,7.947604370264632e-41,0.006761074066162109,,0.05,0,7907,0,0,0,True,0,failed
chunk,nearzero_c3_g4_rbf16_vbf16_flags010,1/2/3/4,independent,1,1,torch.bfloat16,CPU_subnormal_to_signed_zero,7.771131848159887e-39,0.6610947847366333,,0.05,0,7875,0,0,0,True,0,failed
chunk,nearzero_c3_g4_rbf16_vbf16_flags010,1/2/3/4,fla,1,1,torch.bfloat16,CPU_subnormal_to_signed_zero,7.771131848159887e-39,0.6610947847366333,,0.05,0,7832,0,0,0,True,0,failed
chunk,nearzero_c3_g4_rbf16_vbf16_flags011,1/2/3/4,independent,1,1,torch.bfloat16,CPU_subnormal_to_signed_zero,7.771131848159887e-39,0.6610947847366333,,0.05,0,7996,0,0,0,True,0,failed
chunk,nearzero_c3_g4_rbf16_vbf16_flags011,1/2/3/4,fla,1,1,torch.bfloat16,CPU_subnormal_to_signed_zero,7.771137453353744e-39,0.6610952615737915,,0.05,0,7993,0,0,0,True,0,failed
chunk,nearzero_c3_g4_rf32_vbf16_flags010,1/2/3/4,independent,1,1,torch.bfloat16,CPU_subnormal_to_signed_zero,7.710916651849385e-39,0.6559722423553467,,0.05,0,7877,0,0,0,True,0,failed
chunk,nearzero_c3_g4_rf32_vbf16_flags010,1/2/3/4,fla,1,1,torch.bfloat16,CPU_subnormal_to_signed_zero,7.710911046655528e-39,0.6559717655181885,,0.05,0,7830,0,0,0,True,0,failed
chunk,nearzero_c3_g4_rf32_vbf16_flags011,1/2/3/4,independent,1,1,torch.bfloat16,CPU_subnormal_to_signed_zero,7.710916651849385e-39,0.6559722423553467,,0.05,0,7997,0,0,0,True,0,failed
chunk,nearzero_c3_g4_rf32_vbf16_flags011,1/2/3/4,fla,1,1,torch.bfloat16,CPU_subnormal_to_signed_zero,7.71091525055092e-39,0.6559721231460571,,0.05,0,7985,0,0,0,True,0,failed
chunk,nearzero_c3_g8_rbf16_vbf16_flags010,1/2/3/4,independent,1,1,torch.bfloat16,contains_CPU_FP32_normal;CPU_subnormal_to_signed_zero;CPU_subnormal_to_nonzero_candidate,2.558324822426075e-37,21.76382064819336,0.17151060084387976,0.05,480,7406,29,0,0,True,0,failed
chunk,nearzero_c3_g8_rbf16_vbf16_flags010,1/2/3/4,independent,1,2,torch.bfloat16,contains_CPU_FP32_normal;CPU_subnormal_to_signed_zero,2.5163766726368187e-38,2.1406965255737305,0.9754624300471524,0.05,28,7896,0,0,0,True,0,failed
chunk,nearzero_c3_g8_rbf16_vbf16_flags010,1/2/3/4,independent,1,3,torch.bfloat16,CPU_subnormal_to_signed_zero,1.678557977177661e-39,0.14279592037200928,,0.05,0,7802,0,0,0,True,0,failed
chunk,nearzero_c3_g8_rbf16_vbf16_flags010,1/2/3/4,independent,1,4,torch.bfloat16,CPU_subnormal_to_signed_zero,8.200118353535965e-41,0.006975889205932617,,0.05,0,7679,0,0,0,True,0,failed
chunk,nearzero_c3_g8_rbf16_vbf16_flags010,1/2/3/4,fla,1,1,torch.bfloat16,contains_CPU_FP32_normal;CPU_subnormal_to_signed_zero;CPU_subnormal_to_nonzero_candidate,2.5583250466338292e-37,21.763822555541992,0.17151060564295198,0.05,480,7400,29,0,0,True,0,failed
chunk,nearzero_c3_g8_rbf16_vbf16_flags010,1/2/3/4,fla,1,2,torch.bfloat16,contains_CPU_FP32_normal;CPU_subnormal_to_signed_zero,2.5163766726368187e-38,2.1406965255737305,0.9754624276755596,0.05,28,7919,0,0,0,True,0,failed
chunk,nearzero_c3_g8_rbf16_vbf16_flags010,1/2/3/4,fla,1,3,torch.bfloat16,CPU_subnormal_to_signed_zero,1.6785593784761254e-39,0.14279603958129883,,0.05,0,7671,0,0,0,True,0,failed
chunk,nearzero_c3_g8_rbf16_vbf16_flags010,1/2/3/4,fla,1,4,torch.bfloat16,CPU_subnormal_to_signed_zero,8.199417704303802e-41,0.006975293159484863,,0.05,0,7571,0,0,0,True,0,failed
chunk,nearzero_c3_g8_rbf16_vbf16_flags011,1/2/3/4,independent,1,1,torch.bfloat16,contains_CPU_FP32_normal;CPU_subnormal_to_signed_zero;CPU_subnormal_to_nonzero_candidate,2.5583252708415835e-37,21.763824462890625,0.1715106022850171,0.05,480,7547,29,0,0,True,0,failed
chunk,nearzero_c3_g8_rbf16_vbf16_flags011,1/2/3/4,independent,1,2,torch.bfloat16,contains_CPU_FP32_normal;CPU_subnormal_to_signed_zero,2.516378073935283e-38,2.140697717666626,0.9754624318055064,0.05,28,7976,0,0,0,True,0,failed
chunk,nearzero_c3_g8_rbf16_vbf16_flags011,1/2/3/4,independent,1,3,torch.bfloat16,CPU_subnormal_to_signed_zero,1.6785944109377335e-39,0.1427990198135376,,0.05,0,7973,0,0,0,True,0,failed
chunk,nearzero_c3_g8_rbf16_vbf16_flags011,1/2/3/4,independent,1,4,torch.bfloat16,CPU_subnormal_to_signed_zero,8.199417704303802e-41,0.006975293159484863,,0.05,0,7927,0,0,0,True,0,failed
chunk,nearzero_c3_g8_rbf16_vbf16_flags011,1/2/3/4,fla,1,1,torch.bfloat16,contains_CPU_FP32_normal;CPU_subnormal_to_signed_zero;CPU_subnormal_to_nonzero_candidate,2.558325495049338e-37,21.763826370239258,0.17151060361770296,0.05,480,7527,29,0,0,True,0,failed
chunk,nearzero_c3_g8_rbf16_vbf16_flags011,1/2/3/4,fla,1,2,torch.bfloat16,contains_CPU_FP32_normal;CPU_subnormal_to_signed_zero,2.516378354194976e-38,2.140697956085205,0.975462412591423,0.05,28,7980,0,0,0,True,0,failed
chunk,nearzero_c3_g8_rbf16_vbf16_flags011,1/2/3/4,fla,1,3,torch.bfloat16,CPU_subnormal_to_signed_zero,1.6785930096392692e-39,0.14279890060424805,,0.05,0,7942,0,0,0,True,0,failed
chunk,nearzero_c3_g8_rbf16_vbf16_flags011,1/2/3/4,fla,1,4,torch.bfloat16,CPU_subnormal_to_signed_zero,8.19871705507164e-41,0.006974697113037109,,0.05,0,7901,0,0,0,True,0,failed
chunk,nearzero_c3_g8_rf32_vbf16_flags010,1/2/3/4,independent,1,1,torch.bfloat16,contains_CPU_FP32_normal;CPU_subnormal_to_signed_zero;CPU_subnormal_to_nonzero_candidate,2.581743994985134e-37,21.963048934936523,0.16875724635609812,0.05,481,7396,29,0,0,False,1,failed
chunk,nearzero_c3_g8_rf32_vbf16_flags010,1/2/3/4,independent,1,2,torch.bfloat16,contains_CPU_FP32_normal;CPU_subnormal_to_signed_zero,2.4866276667585885e-38,2.115388870239258,0.9753803194399283,0.05,28,7896,0,0,0,True,0,failed
chunk,nearzero_c3_g8_rf32_vbf16_flags010,1/2/3/4,independent,1,3,torch.bfloat16,CPU_subnormal_to_signed_zero,1.6736940702079896e-39,0.14238214492797852,,0.05,0,7809,0,0,0,True,0,failed
chunk,nearzero_c3_g8_rf32_vbf16_flags010,1/2/3/4,independent,1,4,torch.bfloat16,CPU_subnormal_to_signed_zero,8.260934706887662e-41,0.007027626037597656,,0.05,0,7678,0,0,0,True,0,failed
chunk,nearzero_c3_g8_rf32_vbf16_flags010,1/2/3/4,fla,1,1,torch.bfloat16,contains_CPU_FP32_normal;CPU_subnormal_to_signed_zero;CPU_subnormal_to_nonzero_candidate,2.581744667608397e-37,21.963054656982422,0.16875724064536057,0.05,481,7405,29,0,0,False,1,failed
chunk,nearzero_c3_g8_rf32_vbf16_flags010,1/2/3/4,fla,1,2,torch.bfloat16,contains_CPU_FP32_normal;CPU_subnormal_to_signed_zero,2.48662878779736e-38,2.115389823913574,0.9753803163287442,0.05,28,7915,0,0,0,True,0,failed
chunk,nearzero_c3_g8_rf32_vbf16_flags010,1/2/3/4,fla,1,3,torch.bfloat16,CPU_subnormal_to_signed_zero,1.673695471506454e-39,0.14238226413726807,,0.05,0,7670,0,0,0,True,0,failed
chunk,nearzero_c3_g8_rf32_vbf16_flags010,1/2/3/4,fla,1,4,torch.bfloat16,CPU_subnormal_to_signed_zero,8.260234057655499e-41,0.007027029991149902,,0.05,0,7579,0,0,0,True,0,failed
chunk,nearzero_c3_g8_rf32_vbf16_flags011,1/2/3/4,independent,1,1,torch.bfloat16,contains_CPU_FP32_normal;CPU_subnormal_to_signed_zero;CPU_subnormal_to_nonzero_candidate,2.581743994985134e-37,21.963048934936523,0.16875724801972172,0.05,481,7541,29,0,0,False,1,failed
chunk,nearzero_c3_g8_rf32_vbf16_flags011,1/2/3/4,independent,1,2,torch.bfloat16,contains_CPU_FP32_normal;CPU_subnormal_to_signed_zero,2.4866296285764386e-38,2.1153905391693115,0.9753803362476811,0.05,28,7978,0,0,0,True,0,failed
chunk,nearzero_c3_g8_rf32_vbf16_flags011,1/2/3/4,independent,1,3,torch.bfloat16,CPU_subnormal_to_signed_zero,1.6737291026695977e-39,0.14238512516021729,,0.05,0,7968,0,0,0,True,0,failed
chunk,nearzero_c3_g8_rf32_vbf16_flags011,1/2/3/4,independent,1,4,torch.bfloat16,CPU_subnormal_to_signed_zero,8.260234057655499e-41,0.007027029991149902,,0.05,0,7925,0,0,0,True,0,failed
chunk,nearzero_c3_g8_rf32_vbf16_flags011,1/2/3/4,fla,1,1,torch.bfloat16,contains_CPU_FP32_normal;CPU_subnormal_to_signed_zero;CPU_subnormal_to_nonzero_candidate,2.5817442191928885e-37,21.963050842285156,0.16875723732439968,0.05,481,7530,29,0,0,False,1,failed
chunk,nearzero_c3_g8_rf32_vbf16_flags011,1/2/3/4,fla,1,2,torch.bfloat16,contains_CPU_FP32_normal;CPU_subnormal_to_signed_zero,2.486630469355517e-38,2.115391254425049,0.9753803448585535,0.05,28,7970,0,0,0,True,0,failed
chunk,nearzero_c3_g8_rf32_vbf16_flags011,1/2/3/4,fla,1,3,torch.bfloat16,CPU_subnormal_to_signed_zero,1.6737361091619194e-39,0.14238572120666504,,0.05,0,7951,0,0,0,True,0,failed
chunk,nearzero_c3_g8_rf32_vbf16_flags011,1/2/3/4,fla,1,4,torch.bfloat16,CPU_subnormal_to_signed_zero,8.260234057655499e-41,0.007027029991149902,,0.05,0,7892,0,0,0,True,0,failed
decode,nearzero_c2_g2_rbf16_vf32_flags010,1/2/4/8/16/28,independent,1,1,torch.float32,CPU_subnormal_to_signed_zero;CPU_subnormal_to_nonzero_candidate;CPU_zero_to_nonzero_candidate,7.987401246651457e-44,6.794929504394531e-06,,1e-05,0,613,6866,1181,528,True,0,failed
decode,nearzero_c2_g2_rbf16_vf32_flags011,1/2/4/8/16/28,independent,1,1,torch.float32,CPU_subnormal_to_signed_zero;CPU_subnormal_to_nonzero_candidate;CPU_zero_to_nonzero_candidate,1.7376100957627732e-43,1.4781951904296875e-05,,1e-05,0,367,7423,1105,330,True,0,failed
decode,nearzero_c2_g2_rf32_vf32_flags010,1/2/4/8/16/28,independent,1,1,torch.float32,CPU_subnormal_to_signed_zero;CPU_subnormal_to_nonzero_candidate;CPU_zero_to_nonzero_candidate,7.987401246651457e-44,6.794929504394531e-06,,1e-05,0,614,6860,1189,532,True,0,failed
decode,nearzero_c2_g2_rf32_vf32_flags011,1/2/4/8/16/28,independent,1,1,torch.float32,CPU_subnormal_to_signed_zero;CPU_subnormal_to_nonzero_candidate;CPU_zero_to_nonzero_candidate,1.7376100957627732e-43,1.4781951904296875e-05,,1e-05,0,365,7430,1130,329,True,0,failed
decode,nearzero_c2_g4_rbf16_vbf16_flags010,1/2/4/8/16/28,independent,1,1,torch.bfloat16,CPU_subnormal_to_signed_zero;CPU_subnormal_to_nonzero_candidate,1.1480468375418645e-38,0.9766502380371094,,1e-05,0,6794,955,0,0,True,0,failed
decode,nearzero_c2_g4_rbf16_vbf16_flags010,1/2/4/8/16/28,fla,1,1,torch.bfloat16,CPU_subnormal_to_signed_zero;CPU_subnormal_to_nonzero_candidate,1.1480479585806359e-38,0.9766511917114258,,1e-05,0,6798,955,0,0,True,0,failed
decode,nearzero_c2_g4_rbf16_vbf16_flags011,1/2/4/8/16/28,independent,1,1,torch.bfloat16,CPU_subnormal_to_signed_zero;CPU_subnormal_to_nonzero_candidate,1.1480464171523252e-38,0.9766498804092407,,1e-05,0,7020,955,0,0,True,0,failed
decode,nearzero_c2_g4_rbf16_vbf16_flags011,1/2/4/8/16/28,fla,1,1,torch.bfloat16,CPU_subnormal_to_signed_zero;CPU_subnormal_to_nonzero_candidate,1.148046697412018e-38,0.9766501188278198,,1e-05,0,7023,955,0,0,True,0,failed
decode,nearzero_c2_g4_rbf16_vf32_flags010,1/2/4/8/16/28,independent,1,2,torch.float32,CPU_subnormal_to_signed_zero;CPU_subnormal_to_nonzero_candidate;CPU_zero_to_nonzero_candidate,1.3609410685522623e-41,0.0011577606201171875,,1e-05,0,451,7194,1181,420,False,1,failed
decode,nearzero_c2_g4_rbf16_vf32_flags010,1/2/4/8/16/28,independent,1,3,torch.float32,CPU_subnormal_to_signed_zero;CPU_subnormal_to_nonzero_candidate;CPU_zero_to_nonzero_candidate,1.1630777253895982e-43,9.894371032714844e-06,,1e-05,0,767,6614,1189,557,True,0,failed
decode,nearzero_c2_g4_rbf16_vf32_flags010,1/2/4/8/16/28,fla,1,2,torch.float32,CPU_subnormal_to_nonzero_candidate,1.3609410685522623e-41,0.0011577606201171875,,1e-05,0,0,7614,7611,0,False,1,failed
decode,nearzero_c2_g4_rbf16_vf32_flags011,1/2/4/8/16/28,independent,1,2,torch.float32,CPU_subnormal_to_signed_zero;CPU_subnormal_to_nonzero_candidate;CPU_zero_to_nonzero_candidate,1.3603805491665324e-41,0.0011572837829589844,,1e-05,0,289,7597,1071,259,False,1,failed
decode,nearzero_c2_g4_rbf16_vf32_flags011,1/2/4/8/16/28,independent,1,3,torch.float32,CPU_subnormal_to_signed_zero;CPU_subnormal_to_nonzero_candidate;CPU_zero_to_nonzero_candidate,1.5834672646870433e-43,1.3470649719238281e-05,,1e-05,0,376,7380,1074,363,True,0,failed
decode,nearzero_c2_g4_rbf16_vf32_flags011,1/2/4/8/16/28,fla,1,2,torch.float32,CPU_subnormal_to_nonzero_candidate,1.3610811983986948e-41,0.0011578798294067383,,1e-05,0,0,7856,7854,0,False,1,failed
decode,nearzero_c2_g4_rf32_vbf16_flags010,1/2/4/8/16/28,independent,1,1,torch.bfloat16,CPU_subnormal_to_signed_zero;CPU_subnormal_to_nonzero_candidate,1.141650330441761e-38,0.9712086915969849,,1e-05,0,6794,956,0,0,True,0,failed
decode,nearzero_c2_g4_rf32_vbf16_flags010,1/2/4/8/16/28,fla,1,1,torch.bfloat16,CPU_subnormal_to_signed_zero;CPU_subnormal_to_nonzero_candidate,1.1416497699223752e-38,0.9712082147598267,,1e-05,0,6800,956,0,0,True,0,failed
decode,nearzero_c2_g4_rf32_vbf16_flags011,1/2/4/8/16/28,independent,1,1,torch.bfloat16,CPU_subnormal_to_signed_zero;CPU_subnormal_to_nonzero_candidate,1.1416487890134502e-38,0.9712073802947998,,1e-05,0,7026,956,0,0,True,0,failed
decode,nearzero_c2_g4_rf32_vbf16_flags011,1/2/4/8/16/28,fla,1,1,torch.bfloat16,CPU_subnormal_to_signed_zero;CPU_subnormal_to_nonzero_candidate,1.141648088364218e-38,0.971206784248352,,1e-05,0,7021,956,0,0,True,0,failed
decode,nearzero_c2_g4_rf32_vf32_flags010,1/2/4/8/16/28,independent,1,2,torch.float32,CPU_subnormal_to_signed_zero;CPU_subnormal_to_nonzero_candidate;CPU_zero_to_nonzero_candidate,1.3743935338097806e-41,0.0011692047119140625,,1e-05,0,449,7192,1170,422,False,1,failed
decode,nearzero_c2_g4_rf32_vf32_flags010,1/2/4/8/16/28,independent,1,3,torch.float32,CPU_subnormal_to_signed_zero;CPU_subnormal_to_nonzero_candidate;CPU_zero_to_nonzero_candidate,1.1630777253895982e-43,9.894371032714844e-06,,1e-05,0,765,6615,1199,556,True,0,failed
decode,nearzero_c2_g4_rf32_vf32_flags010,1/2/4/8/16/28,fla,1,2,torch.float32,CPU_subnormal_to_nonzero_candidate,1.3741132741169156e-41,0.001168966293334961,,1e-05,0,0,7614,7612,0,False,1,failed
decode,nearzero_c2_g4_rf32_vf32_flags011,1/2/4/8/16/28,independent,1,2,torch.float32,CPU_subnormal_to_signed_zero;CPU_subnormal_to_nonzero_candidate;CPU_zero_to_nonzero_candidate,1.3736928845776182e-41,0.0011686086654663086,,1e-05,0,300,7588,1054,256,False,1,failed
decode,nearzero_c2_g4_rf32_vf32_flags011,1/2/4/8/16/28,independent,1,3,torch.float32,CPU_subnormal_to_signed_zero;CPU_subnormal_to_nonzero_candidate;CPU_zero_to_nonzero_candidate,1.5834672646870433e-43,1.3470649719238281e-05,,1e-05,0,375,7387,1075,353,True,0,failed
decode,nearzero_c2_g4_rf32_vf32_flags011,1/2/4/8/16/28,fla,1,2,torch.float32,CPU_subnormal_to_nonzero_candidate,1.3738330144240507e-41,0.0011687278747558594,,1e-05,0,0,7844,7842,0,False,1,failed
decode,nearzero_c2_g8_rbf16_vbf16_flags010,1/2/4/8/16/28,independent,1,3,torch.bfloat16,CPU_subnormal_to_signed_zero;CPU_subnormal_to_nonzero_candidate,1.8490357444520253e-39,0.15729856491088867,,1e-05,0,7219,503,0,0,True,0,failed
decode,nearzero_c2_g8_rbf16_vbf16_flags010,1/2/4/8/16/28,independent,1,4,torch.bfloat16,CPU_subnormal_to_signed_zero;CPU_subnormal_to_nonzero_candidate,7.947744500111065e-41,0.00676119327545166,,1e-05,0,7614,11,0,0,True,0,failed
decode,nearzero_c2_g8_rbf16_vbf16_flags010,1/2/4/8/16/28,fla,1,3,torch.bfloat16,CPU_subnormal_to_signed_zero;CPU_subnormal_to_nonzero_candidate,1.8490315405566323e-39,0.15729820728302002,,1e-05,0,7183,503,0,0,True,0,failed
decode,nearzero_c2_g8_rbf16_vbf16_flags010,1/2/4/8/16/28,fla,1,4,torch.bfloat16,CPU_subnormal_to_signed_zero;CPU_subnormal_to_nonzero_candidate,7.94802475980393e-41,0.006761431694030762,,1e-05,0,7577,11,0,0,True,0,failed
decode,nearzero_c2_g8_rbf16_vbf16_flags011,1/2/4/8/16/28,independent,1,3,torch.bfloat16,CPU_subnormal_to_signed_zero;CPU_subnormal_to_nonzero_candidate,1.8490315405566323e-39,0.15729820728302002,,1e-05,0,7419,503,0,0,True,0,failed
decode,nearzero_c2_g8_rbf16_vbf16_flags011,1/2/4/8/16/28,independent,1,4,torch.bfloat16,CPU_subnormal_to_signed_zero;CPU_subnormal_to_nonzero_candidate,7.948865538882525e-41,0.006762146949768066,,1e-05,0,7870,11,0,0,True,0,failed
decode,nearzero_c2_g8_rbf16_vbf16_flags011,1/2/4/8/16/28,fla,1,3,torch.bfloat16,CPU_subnormal_to_signed_zero;CPU_subnormal_to_nonzero_candidate,1.8490203301689177e-39,0.1572972536087036,,1e-05,0,7395,503,0,0,True,0,failed
decode,nearzero_c2_g8_rbf16_vbf16_flags011,1/2/4/8/16/28,fla,1,4,torch.bfloat16,CPU_subnormal_to_signed_zero;CPU_subnormal_to_nonzero_candidate,7.94914579857539e-41,0.006762385368347168,,1e-05,0,7892,11,0,0,True,0,failed
decode,nearzero_c2_g8_rbf16_vf32_flags010,1/2/4/8/16/28,independent,1,3,torch.float32,CPU_subnormal_to_signed_zero;CPU_subnormal_to_nonzero_candidate;CPU_zero_to_nonzero_candidate,1.8512708155026234e-39,0.15748870372772217,,1e-05,0,419,7308,1111,370,False,4,failed
decode,nearzero_c2_g8_rbf16_vf32_flags010,1/2/4/8/16/28,independent,1,4,torch.float32,CPU_subnormal_to_signed_zero;CPU_subnormal_to_nonzero_candidate;CPU_zero_to_nonzero_candidate,7.950406967193282e-41,0.006763458251953125,,1e-05,0,499,7135,1079,433,False,1,failed
decode,nearzero_c2_g8_rbf16_vf32_flags010,1/2/4/8/16/28,independent,1,5,torch.float32,CPU_subnormal_to_signed_zero;CPU_subnormal_to_nonzero_candidate;CPU_zero_to_nonzero_candidate,2.6848878576463495e-42,0.00022840499877929688,,1e-05,0,487,7127,1148,430,False,1,failed
decode,nearzero_c2_g8_rbf16_vf32_flags010,1/2/4/8/16/28,independent,1,6,torch.float32,CPU_subnormal_to_signed_zero;CPU_subnormal_to_nonzero_candidate;CPU_zero_to_nonzero_candidate,1.401298464324817e-43,1.1920928955078125e-05,,1e-05,0,598,6981,1168,469,True,0,failed
decode,nearzero_c2_g8_rbf16_vf32_flags010,1/2/4/8/16/28,independent,1,7,torch.float32,CPU_subnormal_to_signed_zero;CPU_subnormal_to_nonzero_candidate;CPU_zero_to_nonzero_candidate,8.127531093083939e-44,6.9141387939453125e-06,,1e-05,0,698,6632,1135,610,True,0,failed
decode,nearzero_c2_g8_rbf16_vf32_flags010,1/2/4/8/16/28,fla,1,4,torch.float32,CPU_subnormal_to_nonzero_candidate,7.95026683734685e-41,0.006763339042663574,,1e-05,0,0,7568,7556,0,False,1,failed
decode,nearzero_c2_g8_rbf16_vf32_flags010,1/2/4/8/16/28,fla,1,5,torch.float32,CPU_subnormal_to_nonzero_candidate,2.6834865591820247e-42,0.0002282857894897461,,1e-05,0,0,7557,7556,0,False,1,failed
decode,nearzero_c2_g8_rbf16_vf32_flags011,1/2/4/8/16/28,independent,1,3,torch.float32,CPU_subnormal_to_signed_zero;CPU_subnormal_to_nonzero_candidate;CPU_zero_to_nonzero_candidate,1.8512666116072304e-39,0.15748834609985352,,1e-05,0,248,7685,1081,215,False,3,failed
decode,nearzero_c2_g8_rbf16_vf32_flags011,1/2/4/8/16/28,independent,1,4,torch.float32,CPU_subnormal_to_signed_zero;CPU_subnormal_to_nonzero_candidate;CPU_zero_to_nonzero_candidate,7.951528005964742e-41,0.006764411926269531,,1e-05,0,255,7623,1056,270,False,1,failed
decode,nearzero_c2_g8_rbf16_vf32_flags011,1/2/4/8/16/28,independent,1,5,torch.float32,CPU_subnormal_to_signed_zero;CPU_subnormal_to_nonzero_candidate;CPU_zero_to_nonzero_candidate,2.7017034392182473e-42,0.00022983551025390625,,1e-05,0,335,7463,1091,327,False,1,failed
decode,nearzero_c2_g8_rbf16_vf32_flags011,1/2/4/8/16/28,independent,1,6,torch.float32,CPU_subnormal_to_signed_zero;CPU_subnormal_to_nonzero_candidate;CPU_zero_to_nonzero_candidate,2.0038568039844884e-43,1.704692840576172e-05,,1e-05,0,346,7475,1094,301,True,0,failed
decode,nearzero_c2_g8_rbf16_vf32_flags011,1/2/4/8/16/28,independent,1,7,torch.float32,CPU_subnormal_to_signed_zero;CPU_subnormal_to_nonzero_candidate;CPU_zero_to_nonzero_candidate,1.5274153261140506e-43,1.2993812561035156e-05,,1e-05,0,349,7419,1056,342,True,0,failed
decode,nearzero_c2_g8_rbf16_vf32_flags011,1/2/4/8/16/28,fla,1,5,torch.float32,CPU_subnormal_to_nonzero_candidate,2.703104737682572e-42,0.00022995471954345703,,1e-05,0,0,7790,7789,0,False,1,failed
decode,nearzero_c2_g8_rf32_vbf16_flags010,1/2/4/8/16/28,independent,1,3,torch.bfloat16,CPU_subnormal_to_signed_zero;CPU_subnormal_to_nonzero_candidate,1.8431082519479313e-39,0.15679430961608887,,1e-05,0,7216,504,0,0,True,0,failed
decode,nearzero_c2_g8_rf32_vbf16_flags010,1/2/4/8/16/28,independent,1,4,torch.bfloat16,CPU_subnormal_to_signed_zero;CPU_subnormal_to_nonzero_candidate,7.945922812107443e-41,0.0067596435546875,,1e-05,0,7622,11,0,0,True,0,failed
decode,nearzero_c2_g8_rf32_vbf16_flags010,1/2/4/8/16/28,fla,1,3,torch.bfloat16,CPU_subnormal_to_signed_zero;CPU_subnormal_to_nonzero_candidate,1.8431082519479313e-39,0.15679430961608887,,1e-05,0,7176,504,0,0,True,0,failed
decode,nearzero_c2_g8_rf32_vbf16_flags010,1/2/4/8/16/28,fla,1,4,torch.bfloat16,CPU_subnormal_to_signed_zero;CPU_subnormal_to_nonzero_candidate,7.946203071800308e-41,0.0067598819732666016,,1e-05,0,7568,11,0,0,True,0,failed
decode,nearzero_c2_g8_rf32_vbf16_flags011,1/2/4/8/16/28,independent,1,3,torch.bfloat16,CPU_subnormal_to_signed_zero;CPU_subnormal_to_nonzero_candidate,1.843102646754074e-39,0.15679383277893066,,1e-05,0,7420,504,0,0,True,0,failed
decode,nearzero_c2_g8_rf32_vbf16_flags011,1/2/4/8/16/28,independent,1,4,torch.bfloat16,CPU_subnormal_to_signed_zero;CPU_subnormal_to_nonzero_candidate,7.94690372103247e-41,0.0067604780197143555,,1e-05,0,7869,11,0,0,True,0,failed
decode,nearzero_c2_g8_rf32_vbf16_flags011,1/2/4/8/16/28,fla,1,3,torch.bfloat16,CPU_subnormal_to_signed_zero;CPU_subnormal_to_nonzero_candidate,1.8431096532463957e-39,0.15679442882537842,,1e-05,0,7391,504,0,0,True,0,failed
decode,nearzero_c2_g8_rf32_vbf16_flags011,1/2/4/8/16/28,fla,1,4,torch.bfloat16,CPU_subnormal_to_signed_zero;CPU_subnormal_to_nonzero_candidate,7.947604370264632e-41,0.006761074066162109,,1e-05,0,7896,11,0,0,True,0,failed
decode,nearzero_c2_g8_rf32_vf32_flags010,1/2/4/8/16/28,independent,1,3,torch.float32,CPU_subnormal_to_signed_zero;CPU_subnormal_to_nonzero_candidate;CPU_zero_to_nonzero_candidate,1.8453251061184932e-39,0.1569828987121582,,1e-05,0,421,7309,1114,371,False,3,failed
decode,nearzero_c2_g8_rf32_vf32_flags010,1/2/4/8/16/28,independent,1,4,torch.float32,CPU_subnormal_to_signed_zero;CPU_subnormal_to_nonzero_candidate;CPU_zero_to_nonzero_candidate,7.94858527918966e-41,0.006761908531188965,,1e-05,0,496,7136,1100,431,False,1,failed
decode,nearzero_c2_g8_rf32_vf32_flags010,1/2/4/8/16/28,independent,1,5,torch.float32,CPU_subnormal_to_signed_zero;CPU_subnormal_to_nonzero_candidate;CPU_zero_to_nonzero_candidate,2.7171177223258203e-42,0.00023114681243896484,,1e-05,0,487,7129,1170,427,False,1,failed
decode,nearzero_c2_g8_rf32_vf32_flags010,1/2/4/8/16/28,independent,1,6,torch.float32,CPU_subnormal_to_signed_zero;CPU_subnormal_to_nonzero_candidate;CPU_zero_to_nonzero_candidate,1.401298464324817e-43,1.1920928955078125e-05,,1e-05,0,596,6980,1180,473,True,0,failed
decode,nearzero_c2_g8_rf32_vf32_flags010,1/2/4/8/16/28,independent,1,7,torch.float32,CPU_subnormal_to_signed_zero;CPU_subnormal_to_nonzero_candidate;CPU_zero_to_nonzero_candidate,8.127531093083939e-44,6.9141387939453125e-06,,1e-05,0,698,6636,1138,609,True,0,failed
decode,nearzero_c2_g8_rf32_vf32_flags010,1/2/4/8/16/28,fla,1,4,torch.float32,CPU_subnormal_to_nonzero_candidate,7.948305019496795e-41,0.006761670112609863,,1e-05,0,0,7567,7555,0,False,1,failed
decode,nearzero_c2_g8_rf32_vf32_flags011,1/2/4/8/16/28,independent,1,3,torch.float32,CPU_subnormal_to_signed_zero;CPU_subnormal_to_nonzero_candidate;CPU_zero_to_nonzero_candidate,1.8453209022231002e-39,0.15698254108428955,,1e-05,0,247,7690,1101,208,False,3,failed
decode,nearzero_c2_g8_rf32_vf32_flags011,1/2/4/8/16/28,independent,1,4,torch.float32,CPU_subnormal_to_signed_zero;CPU_subnormal_to_nonzero_candidate;CPU_zero_to_nonzero_candidate,7.94970631796112e-41,0.006762862205505371,,1e-05,0,252,7629,1096,268,False,1,failed
decode,nearzero_c2_g8_rf32_vf32_flags011,1/2/4/8/16/28,independent,1,5,torch.float32,CPU_subnormal_to_signed_zero;CPU_subnormal_to_nonzero_candidate;CPU_zero_to_nonzero_candidate,2.733933303897718e-42,0.00023257732391357422,,1e-05,0,325,7473,1040,327,False,1,failed
decode,nearzero_c2_g8_rf32_vf32_flags011,1/2/4/8/16/28,independent,1,6,torch.float32,CPU_subnormal_to_signed_zero;CPU_subnormal_to_nonzero_candidate;CPU_zero_to_nonzero_candidate,2.0038568039844884e-43,1.704692840576172e-05,,1e-05,0,341,7475,1090,305,True,0,failed
decode,nearzero_c2_g8_rf32_vf32_flags011,1/2/4/8/16/28,independent,1,7,torch.float32,CPU_subnormal_to_signed_zero;CPU_subnormal_to_nonzero_candidate;CPU_zero_to_nonzero_candidate,1.5274153261140506e-43,1.2993812561035156e-05,,1e-05,0,350,7419,1067,345,True,0,failed
decode,nearzero_c2_g8_rf32_vf32_flags011,1/2/4/8/16/28,fla,1,4,torch.float32,CPU_subnormal_to_nonzero_candidate,7.949846447807552e-41,0.006762981414794922,,1e-05,0,0,7897,7882,0,False,1,failed
decode,nearzero_c2_g8_rf32_vf32_flags011,1/2/4/8/16/28,fla,1,5,torch.float32,CPU_subnormal_to_nonzero_candidate,2.735334602362043e-42,0.000232696533203125,,1e-05,0,0,7800,7798,0,False,1,failed
decode,nearzero_c3_g1_rbf16_vf32_flags010,1/2/4/8/16/28,independent,2,0,torch.float32,CPU_subnormal_to_signed_zero;CPU_subnormal_to_nonzero_candidate;CPU_zero_to_nonzero_candidate,7.567011707354012e-44,6.4373016357421875e-06,,1e-05,0,422,7199,1101,480,True,0,failed
decode,nearzero_c3_g1_rbf16_vf32_flags011,1/2/4/8/16/28,independent,2,0,torch.float32,CPU_subnormal_to_signed_zero;CPU_subnormal_to_nonzero_candidate;CPU_zero_to_nonzero_candidate,2.045895757914233e-43,1.7404556274414062e-05,,1e-05,0,281,7582,1067,280,True,0,failed
decode,nearzero_c3_g1_rf32_vf32_flags010,1/2/4/8/16/28,independent,2,0,torch.float32,CPU_subnormal_to_signed_zero;CPU_subnormal_to_nonzero_candidate;CPU_zero_to_nonzero_candidate,7.567011707354012e-44,6.4373016357421875e-06,,1e-05,0,422,7200,1095,478,True,0,failed
decode,nearzero_c3_g1_rf32_vf32_flags011,1/2/4/8/16/28,independent,2,0,torch.float32,CPU_subnormal_to_signed_zero;CPU_subnormal_to_nonzero_candidate;CPU_zero_to_nonzero_candidate,2.045895757914233e-43,1.7404556274414062e-05,,1e-05,0,274,7585,1104,282,True,0,failed
decode,nearzero_c3_g2_rbf16_vf32_flags010,1/2/4/8/16/28,independent,1,1,torch.float32,CPU_subnormal_to_signed_zero;CPU_subnormal_to_nonzero_candidate;CPU_zero_to_nonzero_candidate,1.1630777253895982e-43,9.894371032714844e-06,,1e-05,0,656,6820,1193,515,True,0,failed
decode,nearzero_c3_g2_rbf16_vf32_flags010,1/2/4/8/16/28,independent,2,0,torch.float32,CPU_subnormal_to_signed_zero;CPU_subnormal_to_nonzero_candidate;CPU_zero_to_nonzero_candidate,7.707141553786494e-44,6.556510925292969e-06,,1e-05,0,451,7171,1144,471,False,1,failed
decode,nearzero_c3_g2_rbf16_vf32_flags010,1/2/4/8/16/28,independent,2,1,torch.float32,CPU_subnormal_to_signed_zero;CPU_subnormal_to_nonzero_candidate;CPU_zero_to_nonzero_candidate,1.0369608636003646e-43,8.821487426757812e-06,,1e-05,0,703,6722,1152,535,True,0,failed
decode,nearzero_c3_g2_rbf16_vf32_flags011,1/2/4/8/16/28,independent,1,1,torch.float32,CPU_subnormal_to_signed_zero;CPU_subnormal_to_nonzero_candidate;CPU_zero_to_nonzero_candidate,1.401298464324817e-43,1.1920928955078125e-05,,1e-05,0,370,7446,1051,311,True,0,failed
decode,nearzero_c3_g2_rbf16_vf32_flags011,1/2/4/8/16/28,independent,2,0,torch.float32,CPU_subnormal_to_signed_zero;CPU_subnormal_to_nonzero_candidate;CPU_zero_to_nonzero_candidate,1.891752926838503e-43,1.609325408935547e-05,,1e-05,0,278,7542,1118,313,True,0,failed
decode,nearzero_c3_g2_rbf16_vf32_flags011,1/2/4/8/16/28,independent,2,1,torch.float32,CPU_subnormal_to_signed_zero;CPU_subnormal_to_nonzero_candidate;CPU_zero_to_nonzero_candidate,1.6815581571897805e-43,1.430511474609375e-05,,1e-05,0,411,7325,1107,377,False,1,failed
decode,nearzero_c3_g2_rbf16_vf32_flags011,1/2/4/8/16/28,fla,2,1,torch.float32,CPU_subnormal_to_nonzero_candidate,1.6955711418330287e-43,1.4424324035644531e-05,,1e-05,0,0,7702,7701,0,False,1,failed
decode,nearzero_c3_g2_rf32_vf32_flags010,1/2/4/8/16/28,independent,1,1,torch.float32,CPU_subnormal_to_signed_zero;CPU_subnormal_to_nonzero_candidate;CPU_zero_to_nonzero_candidate,1.1630777253895982e-43,9.894371032714844e-06,,1e-05,0,651,6823,1195,517,True,0,failed
decode,nearzero_c3_g2_rf32_vf32_flags010,1/2/4/8/16/28,independent,2,0,torch.float32,CPU_subnormal_to_signed_zero;CPU_subnormal_to_nonzero_candidate;CPU_zero_to_nonzero_candidate,7.707141553786494e-44,6.556510925292969e-06,,1e-05,0,454,7166,1143,474,True,0,failed
decode,nearzero_c3_g2_rf32_vf32_flags010,1/2/4/8/16/28,independent,2,1,torch.float32,CPU_subnormal_to_signed_zero;CPU_subnormal_to_nonzero_candidate;CPU_zero_to_nonzero_candidate,1.0369608636003646e-43,8.821487426757812e-06,,1e-05,0,703,6730,1153,527,True,0,failed
decode,nearzero_c3_g2_rf32_vf32_flags011,1/2/4/8/16/28,independent,1,1,torch.float32,CPU_subnormal_to_signed_zero;CPU_subnormal_to_nonzero_candidate;CPU_zero_to_nonzero_candidate,1.401298464324817e-43,1.1920928955078125e-05,,1e-05,0,371,7449,1049,312,True,0,failed
decode,nearzero_c3_g2_rf32_vf32_flags011,1/2/4/8/16/28,independent,2,0,torch.float32,CPU_subnormal_to_signed_zero;CPU_subnormal_to_nonzero_candidate;CPU_zero_to_nonzero_candidate,1.891752926838503e-43,1.609325408935547e-05,,1e-05,0,281,7531,1141,319,True,0,failed
decode,nearzero_c3_g2_rf32_vf32_flags011,1/2/4/8/16/28,independent,2,1,torch.float32,CPU_subnormal_to_signed_zero;CPU_subnormal_to_nonzero_candidate;CPU_zero_to_nonzero_candidate,1.6815581571897805e-43,1.430511474609375e-05,,1e-05,0,409,7329,1107,376,True,0,failed
decode,nearzero_c3_g4_rbf16_vbf16_flags010,1/2/4/8/16/28,independent,1,1,torch.bfloat16,CPU_subnormal_to_signed_zero;CPU_subnormal_to_nonzero_candidate,7.771133249458351e-39,0.6610949039459229,,1e-05,0,6958,917,0,0,True,0,failed
decode,nearzero_c3_g4_rbf16_vbf16_flags010,1/2/4/8/16/28,fla,1,1,torch.bfloat16,CPU_subnormal_to_signed_zero;CPU_subnormal_to_nonzero_candidate,7.771137453353744e-39,0.6610952615737915,,1e-05,0,6915,917,0,0,True,0,failed
decode,nearzero_c3_g4_rbf16_vbf16_flags011,1/2/4/8/16/28,independent,1,1,torch.bfloat16,CPU_subnormal_to_signed_zero;CPU_subnormal_to_nonzero_candidate,7.771133249458351e-39,0.6610949039459229,,1e-05,0,7079,917,0,0,True,0,failed
decode,nearzero_c3_g4_rbf16_vbf16_flags011,1/2/4/8/16/28,fla,1,1,torch.bfloat16,CPU_subnormal_to_signed_zero;CPU_subnormal_to_nonzero_candidate,7.771140255950673e-39,0.6610954999923706,,1e-05,0,7076,917,0,0,True,0,failed
decode,nearzero_c3_g4_rbf16_vf32_flags010,1/2/4/8/16/28,independent,1,2,torch.float32,CPU_subnormal_to_signed_zero;CPU_subnormal_to_nonzero_candidate;CPU_zero_to_nonzero_candidate,1.458611571515702e-41,0.001240849494934082,,1e-05,0,500,7182,1094,389,False,1,failed
decode,nearzero_c3_g4_rbf16_vf32_flags010,1/2/4/8/16/28,independent,1,3,torch.float32,CPU_subnormal_to_signed_zero;CPU_subnormal_to_nonzero_candidate;CPU_zero_to_nonzero_candidate,1.1630777253895982e-43,9.894371032714844e-06,,1e-05,0,741,6655,1201,518,True,0,failed
decode,nearzero_c3_g4_rbf16_vf32_flags010,1/2/4/8/16/28,independent,2,0,torch.float32,CPU_subnormal_to_signed_zero;CPU_subnormal_to_nonzero_candidate;CPU_zero_to_nonzero_candidate,8.688050478813866e-44,7.3909759521484375e-06,,1e-05,0,538,7025,1092,514,True,0,failed
decode,nearzero_c3_g4_rbf16_vf32_flags010,1/2/4/8/16/28,independent,2,1,torch.float32,CPU_subnormal_to_signed_zero;CPU_subnormal_to_nonzero_candidate;CPU_zero_to_nonzero_candidate,8.267660939516421e-44,7.033348083496094e-06,,1e-05,0,638,6854,1137,561,True,0,failed
decode,nearzero_c3_g4_rbf16_vf32_flags010,1/2/4/8/16/28,independent,2,2,torch.float32,CPU_subnormal_to_signed_zero;CPU_subnormal_to_nonzero_candidate;CPU_zero_to_nonzero_candidate,8.96831017167883e-44,7.62939453125e-06,,1e-05,0,677,6796,1059,530,True,0,failed
decode,nearzero_c3_g4_rbf16_vf32_flags010,1/2/4/8/16/28,independent,2,3,torch.float32,CPU_subnormal_to_signed_zero;CPU_subnormal_to_nonzero_candidate;CPU_zero_to_nonzero_candidate,8.407790785948902e-44,7.152557373046875e-06,,1e-05,0,786,6610,1098,562,True,0,failed
decode,nearzero_c3_g4_rbf16_vf32_flags010,1/2/4/8/16/28,fla,1,2,torch.float32,CPU_subnormal_to_nonzero_candidate,1.4595924804407295e-41,0.0012416839599609375,,1e-05,0,0,7571,7569,0,False,1,failed
decode,nearzero_c3_g4_rbf16_vf32_flags011,1/2/4/8/16/28,independent,1,2,torch.float32,CPU_subnormal_to_signed_zero;CPU_subnormal_to_nonzero_candidate;CPU_zero_to_nonzero_candidate,1.460012869980027e-41,0.0012420415878295898,,1e-05,0,277,7636,1056,228,False,1,failed
decode,nearzero_c3_g4_rbf16_vf32_flags011,1/2/4/8/16/28,independent,1,3,torch.float32,CPU_subnormal_to_signed_zero;CPU_subnormal_to_nonzero_candidate;CPU_zero_to_nonzero_candidate,1.9197788961249994e-43,1.633167266845703e-05,,1e-05,0,335,7467,1101,323,True,0,failed
decode,nearzero_c3_g4_rbf16_vf32_flags011,1/2/4/8/16/28,independent,2,0,torch.float32,CPU_subnormal_to_signed_zero;CPU_subnormal_to_nonzero_candidate;CPU_zero_to_nonzero_candidate,1.7656360650492695e-43,1.5020370483398438e-05,,1e-05,0,268,7609,1044,273,True,0,failed
decode,nearzero_c3_g4_rbf16_vf32_flags011,1/2/4/8/16/28,independent,2,1,torch.float32,CPU_subnormal_to_signed_zero;CPU_subnormal_to_nonzero_candidate;CPU_zero_to_nonzero_candidate,1.471363387541058e-43,1.2516975402832031e-05,,1e-05,0,313,7510,1060,316,True,0,failed
decode,nearzero_c3_g4_rbf16_vf32_flags011,1/2/4/8/16/28,independent,2,2,torch.float32,CPU_subnormal_to_signed_zero;CPU_subnormal_to_nonzero_candidate;CPU_zero_to_nonzero_candidate,1.5414283107572988e-43,1.3113021850585938e-05,,1e-05,0,375,7368,1056,382,True,0,failed
decode,nearzero_c3_g4_rbf16_vf32_flags011,1/2/4/8/16/28,independent,2,3,torch.float32,CPU_subnormal_to_signed_zero;CPU_subnormal_to_nonzero_candidate;CPU_zero_to_nonzero_candidate,1.4153114489680652e-43,1.2040138244628906e-05,,1e-05,0,399,7316,1066,397,True,0,failed
decode,nearzero_c3_g4_rf32_vbf16_flags010,1/2/4/8/16/28,independent,1,1,torch.bfloat16,CPU_subnormal_to_signed_zero;CPU_subnormal_to_nonzero_candidate,7.710913849252456e-39,0.6559720039367676,,1e-05,0,6961,916,0,0,True,0,failed
decode,nearzero_c3_g4_rf32_vbf16_flags010,1/2/4/8/16/28,fla,1,1,torch.bfloat16,CPU_subnormal_to_signed_zero;CPU_subnormal_to_nonzero_candidate,7.710909645357063e-39,0.6559716463088989,,1e-05,0,6914,916,0,0,True,0,failed
decode,nearzero_c3_g4_rf32_vbf16_flags011,1/2/4/8/16/28,independent,1,1,torch.bfloat16,CPU_subnormal_to_signed_zero;CPU_subnormal_to_nonzero_candidate,7.71091525055092e-39,0.6559721231460571,,1e-05,0,7081,916,0,0,True,0,failed
decode,nearzero_c3_g4_rf32_vbf16_flags011,1/2/4/8/16/28,fla,1,1,torch.bfloat16,CPU_subnormal_to_signed_zero;CPU_subnormal_to_nonzero_candidate,7.710913849252456e-39,0.6559720039367676,,1e-05,0,7069,916,0,0,True,0,failed
decode,nearzero_c3_g4_rf32_vf32_flags010,1/2/4/8/16/28,independent,1,2,torch.float32,CPU_subnormal_to_signed_zero;CPU_subnormal_to_nonzero_candidate;CPU_zero_to_nonzero_candidate,1.4761278023197623e-41,0.0012557506561279297,,1e-05,0,499,7178,1094,392,False,1,failed
decode,nearzero_c3_g4_rf32_vf32_flags010,1/2/4/8/16/28,independent,1,3,torch.float32,CPU_subnormal_to_signed_zero;CPU_subnormal_to_nonzero_candidate;CPU_zero_to_nonzero_candidate,1.1630777253895982e-43,9.894371032714844e-06,,1e-05,0,740,6655,1203,520,True,0,failed
decode,nearzero_c3_g4_rf32_vf32_flags010,1/2/4/8/16/28,independent,2,0,torch.float32,CPU_subnormal_to_signed_zero;CPU_subnormal_to_nonzero_candidate;CPU_zero_to_nonzero_candidate,8.688050478813866e-44,7.3909759521484375e-06,,1e-05,0,537,7024,1093,514,True,0,failed
decode,nearzero_c3_g4_rf32_vf32_flags010,1/2/4/8/16/28,independent,2,1,torch.float32,CPU_subnormal_to_signed_zero;CPU_subnormal_to_nonzero_candidate;CPU_zero_to_nonzero_candidate,8.267660939516421e-44,7.033348083496094e-06,,1e-05,0,635,6858,1138,559,True,0,failed
decode,nearzero_c3_g4_rf32_vf32_flags010,1/2/4/8/16/28,independent,2,2,torch.float32,CPU_subnormal_to_signed_zero;CPU_subnormal_to_nonzero_candidate;CPU_zero_to_nonzero_candidate,8.96831017167883e-44,7.62939453125e-06,,1e-05,0,679,6795,1051,530,True,0,failed
decode,nearzero_c3_g4_rf32_vf32_flags010,1/2/4/8/16/28,independent,2,3,torch.float32,CPU_subnormal_to_signed_zero;CPU_subnormal_to_nonzero_candidate;CPU_zero_to_nonzero_candidate,8.407790785948902e-44,7.152557373046875e-06,,1e-05,0,787,6611,1091,559,True,0,failed
decode,nearzero_c3_g4_rf32_vf32_flags010,1/2/4/8/16/28,fla,1,2,torch.float32,CPU_subnormal_to_nonzero_candidate,1.4759876724733298e-41,0.001255631446838379,,1e-05,0,0,7570,7567,0,False,1,failed
decode,nearzero_c3_g4_rf32_vf32_flags011,1/2/4/8/16/28,independent,1,2,torch.float32,CPU_subnormal_to_signed_zero;CPU_subnormal_to_nonzero_candidate;CPU_zero_to_nonzero_candidate,1.4773889709376546e-41,0.0012568235397338867,,1e-05,0,281,7626,1072,227,False,1,failed
decode,nearzero_c3_g4_rf32_vf32_flags011,1/2/4/8/16/28,independent,1,3,torch.float32,CPU_subnormal_to_signed_zero;CPU_subnormal_to_nonzero_candidate;CPU_zero_to_nonzero_candidate,1.9197788961249994e-43,1.633167266845703e-05,,1e-05,0,335,7460,1097,332,True,0,failed
decode,nearzero_c3_g4_rf32_vf32_flags011,1/2/4/8/16/28,independent,2,0,torch.float32,CPU_subnormal_to_signed_zero;CPU_subnormal_to_nonzero_candidate;CPU_zero_to_nonzero_candidate,1.7656360650492695e-43,1.5020370483398438e-05,,1e-05,0,267,7607,1062,276,True,0,failed
decode,nearzero_c3_g4_rf32_vf32_flags011,1/2/4/8/16/28,independent,2,1,torch.float32,CPU_subnormal_to_signed_zero;CPU_subnormal_to_nonzero_candidate;CPU_zero_to_nonzero_candidate,1.471363387541058e-43,1.2516975402832031e-05,,1e-05,0,296,7525,1053,318,True,0,failed
decode,nearzero_c3_g4_rf32_vf32_flags011,1/2/4/8/16/28,independent,2,2,torch.float32,CPU_subnormal_to_signed_zero;CPU_subnormal_to_nonzero_candidate;CPU_zero_to_nonzero_candidate,1.5414283107572988e-43,1.3113021850585938e-05,,1e-05,0,371,7370,1079,379,True,0,failed
decode,nearzero_c3_g4_rf32_vf32_flags011,1/2/4/8/16/28,independent,2,3,torch.float32,CPU_subnormal_to_signed_zero;CPU_subnormal_to_nonzero_candidate;CPU_zero_to_nonzero_candidate,1.4153114489680652e-43,1.2040138244628906e-05,,1e-05,0,397,7314,1069,397,False,1,failed
decode,nearzero_c3_g4_rf32_vf32_flags011,1/2/4/8/16/28,fla,1,2,torch.float32,CPU_subnormal_to_nonzero_candidate,1.477809360476952e-41,0.001257181167602539,,1e-05,0,0,7853,7852,0,False,1,failed
decode,nearzero_c3_g8_rbf16_vbf16_flags010,1/2/4/8/16/28,independent,1,3,torch.bfloat16,CPU_subnormal_to_signed_zero;CPU_subnormal_to_nonzero_candidate,1.678557977177661e-39,0.14279592037200928,,1e-05,0,7327,475,0,0,True,0,failed
decode,nearzero_c3_g8_rbf16_vbf16_flags010,1/2/4/8/16/28,independent,1,4,torch.bfloat16,CPU_subnormal_to_signed_zero;CPU_subnormal_to_nonzero_candidate,8.200118353535965e-41,0.006975889205932617,,1e-05,0,7667,12,0,0,True,0,failed
decode,nearzero_c3_g8_rbf16_vbf16_flags010,1/2/4/8/16/28,fla,1,3,torch.bfloat16,CPU_subnormal_to_signed_zero;CPU_subnormal_to_nonzero_candidate,1.6785593784761254e-39,0.14279603958129883,,1e-05,0,7196,475,0,0,True,0,failed
decode,nearzero_c3_g8_rbf16_vbf16_flags010,1/2/4/8/16/28,fla,1,4,torch.bfloat16,CPU_subnormal_to_signed_zero;CPU_subnormal_to_nonzero_candidate,8.199417704303802e-41,0.006975293159484863,,1e-05,0,7559,12,0,0,True,0,failed
decode,nearzero_c3_g8_rbf16_vbf16_flags011,1/2/4/8/16/28,independent,1,3,torch.bfloat16,CPU_subnormal_to_signed_zero;CPU_subnormal_to_nonzero_candidate,1.6785930096392692e-39,0.14279890060424805,,1e-05,0,7498,475,0,0,True,0,failed
decode,nearzero_c3_g8_rbf16_vbf16_flags011,1/2/4/8/16/28,independent,1,4,torch.bfloat16,CPU_subnormal_to_signed_zero;CPU_subnormal_to_nonzero_candidate,8.199417704303802e-41,0.006975293159484863,,1e-05,0,7915,12,0,0,True,0,failed
decode,nearzero_c3_g8_rbf16_vbf16_flags011,1/2/4/8/16/28,fla,1,3,torch.bfloat16,CPU_subnormal_to_signed_zero;CPU_subnormal_to_nonzero_candidate,1.678591608340805e-39,0.1427987813949585,,1e-05,0,7467,475,0,0,True,0,failed
decode,nearzero_c3_g8_rbf16_vbf16_flags011,1/2/4/8/16/28,fla,1,4,torch.bfloat16,CPU_subnormal_to_signed_zero;CPU_subnormal_to_nonzero_candidate,8.19871705507164e-41,0.006974697113037109,,1e-05,0,7889,12,0,0,True,0,failed
decode,nearzero_c3_g8_rbf16_vf32_flags010,1/2/4/8/16/28,independent,1,3,torch.float32,CPU_subnormal_to_signed_zero;CPU_subnormal_to_nonzero_candidate;CPU_zero_to_nonzero_candidate,1.680490367759965e-39,0.1429603099822998,,1e-05,0,422,7371,1116,310,False,4,failed
decode,nearzero_c3_g8_rbf16_vf32_flags010,1/2/4/8/16/28,independent,1,4,torch.float32,CPU_subnormal_to_signed_zero;CPU_subnormal_to_nonzero_candidate;CPU_zero_to_nonzero_candidate,8.21230965017559e-41,0.006986260414123535,,1e-05,0,489,7188,1192,384,False,1,failed
decode,nearzero_c3_g8_rbf16_vf32_flags010,1/2/4/8/16/28,independent,1,5,torch.float32,CPU_subnormal_to_signed_zero;CPU_subnormal_to_nonzero_candidate;CPU_zero_to_nonzero_candidate,3.7428681982115864e-42,0.0003184080123901367,,1e-05,0,576,7037,1159,414,False,1,failed
decode,nearzero_c3_g8_rbf16_vf32_flags010,1/2/4/8/16/28,independent,1,6,torch.float32,CPU_subnormal_to_signed_zero;CPU_subnormal_to_nonzero_candidate;CPU_zero_to_nonzero_candidate,1.5274153261140506e-43,1.2993812561035156e-05,,1e-05,0,615,6981,1109,431,True,0,failed
decode,nearzero_c3_g8_rbf16_vf32_flags010,1/2/4/8/16/28,independent,1,7,torch.float32,CPU_subnormal_to_signed_zero;CPU_subnormal_to_nonzero_candidate;CPU_zero_to_nonzero_candidate,8.96831017167883e-44,7.62939453125e-06,,1e-05,0,823,6663,1146,450,True,0,failed
decode,nearzero_c3_g8_rbf16_vf32_flags010,1/2/4/8/16/28,independent,2,0,torch.float32,CPU_subnormal_to_signed_zero;CPU_subnormal_to_nonzero_candidate;CPU_zero_to_nonzero_candidate,1.0789998175301091e-43,9.179115295410156e-06,,1e-05,0,504,7104,1132,476,True,0,failed
decode,nearzero_c3_g8_rbf16_vf32_flags010,1/2/4/8/16/28,independent,2,1,torch.float32,CPU_subnormal_to_signed_zero;CPU_subnormal_to_nonzero_candidate;CPU_zero_to_nonzero_candidate,8.688050478813866e-44,7.3909759521484375e-06,,1e-05,0,616,6777,1039,610,True,0,failed
decode,nearzero_c3_g8_rbf16_vf32_flags010,1/2/4/8/16/28,independent,2,2,torch.float32,CPU_subnormal_to_signed_zero;CPU_subnormal_to_nonzero_candidate;CPU_zero_to_nonzero_candidate,8.688050478813866e-44,7.3909759521484375e-06,,1e-05,0,585,6998,1137,489,True,0,failed
decode,nearzero_c3_g8_rbf16_vf32_flags010,1/2/4/8/16/28,independent,2,3,torch.float32,CPU_subnormal_to_signed_zero;CPU_subnormal_to_nonzero_candidate;CPU_zero_to_nonzero_candidate,7.987401246651457e-44,6.794929504394531e-06,,1e-05,0,513,7052,1129,485,True,0,failed
decode,nearzero_c3_g8_rbf16_vf32_flags010,1/2/4/8/16/28,independent,2,4,torch.float32,CPU_subnormal_to_signed_zero;CPU_subnormal_to_nonzero_candidate;CPU_zero_to_nonzero_candidate,8.547920632381384e-44,7.271766662597656e-06,,1e-05,0,664,6796,1158,538,True,0,failed
decode,nearzero_c3_g8_rbf16_vf32_flags010,1/2/4/8/16/28,independent,2,5,torch.float32,CPU_subnormal_to_signed_zero;CPU_subnormal_to_nonzero_candidate;CPU_zero_to_nonzero_candidate,1.233142648605839e-43,1.049041748046875e-05,,1e-05,0,680,6796,1074,555,True,0,failed
decode,nearzero_c3_g8_rbf16_vf32_flags010,1/2/4/8/16/28,independent,2,6,torch.float32,CPU_subnormal_to_signed_zero;CPU_subnormal_to_nonzero_candidate;CPU_zero_to_nonzero_candidate,1.0930128021733573e-43,9.298324584960938e-06,,1e-05,0,703,6715,1123,596,True,0,failed
decode,nearzero_c3_g8_rbf16_vf32_flags010,1/2/4/8/16/28,independent,2,7,torch.float32,CPU_subnormal_to_signed_zero;CPU_subnormal_to_nonzero_candidate;CPU_zero_to_nonzero_candidate,1.0509738482436128e-43,8.940696716308594e-06,,1e-05,0,897,6312,1116,662,True,0,failed
decode,nearzero_c3_g8_rbf16_vf32_flags010,1/2/4/8/16/28,fla,1,4,torch.float32,CPU_subnormal_to_nonzero_candidate,8.212589909868455e-41,0.006986498832702637,,1e-05,0,0,7572,7559,0,False,1,failed
decode,nearzero_c3_g8_rbf16_vf32_flags011,1/2/4/8/16/28,independent,1,3,torch.float32,CPU_subnormal_to_signed_zero;CPU_subnormal_to_nonzero_candidate;CPU_zero_to_nonzero_candidate,1.680525400221573e-39,0.14296329021453857,,1e-05,0,217,7770,1094,179,False,3,failed
decode,nearzero_c3_g8_rbf16_vf32_flags011,1/2/4/8/16/28,independent,1,4,torch.float32,CPU_subnormal_to_signed_zero;CPU_subnormal_to_nonzero_candidate;CPU_zero_to_nonzero_candidate,8.211609000943428e-41,0.006985664367675781,,1e-05,0,255,7672,1021,225,False,1,failed
decode,nearzero_c3_g8_rbf16_vf32_flags011,1/2/4/8/16/28,independent,1,5,torch.float32,CPU_subnormal_to_signed_zero;CPU_subnormal_to_nonzero_candidate;CPU_zero_to_nonzero_candidate,3.728855213568338e-42,0.0003172159194946289,,1e-05,0,348,7509,1071,274,False,1,failed
decode,nearzero_c3_g8_rbf16_vf32_flags011,1/2/4/8/16/28,independent,1,6,torch.float32,CPU_subnormal_to_signed_zero;CPU_subnormal_to_nonzero_candidate;CPU_zero_to_nonzero_candidate,1.7095841264762768e-43,1.4543533325195312e-05,,1e-05,0,398,7356,1105,361,True,0,failed
decode,nearzero_c3_g8_rbf16_vf32_flags011,1/2/4/8/16/28,independent,1,7,torch.float32,CPU_subnormal_to_signed_zero;CPU_subnormal_to_nonzero_candidate;CPU_zero_to_nonzero_candidate,1.7516230804060213e-43,1.4901161193847656e-05,,1e-05,0,362,7455,1111,310,True,0,failed
decode,nearzero_c3_g8_rbf16_vf32_flags011,1/2/4/8/16/28,independent,2,0,torch.float32,CPU_subnormal_to_signed_zero;CPU_subnormal_to_nonzero_candidate;CPU_zero_to_nonzero_candidate,1.5414283107572988e-43,1.3113021850585938e-05,,1e-05,0,282,7552,1027,309,True,0,failed
decode,nearzero_c3_g8_rbf16_vf32_flags011,1/2/4/8/16/28,independent,2,1,torch.float32,CPU_subnormal_to_signed_zero;CPU_subnormal_to_nonzero_candidate;CPU_zero_to_nonzero_candidate,1.064986832886861e-43,9.059906005859375e-06,,1e-05,0,289,7571,1051,292,True,0,failed
decode,nearzero_c3_g8_rbf16_vf32_flags011,1/2/4/8/16/28,independent,2,2,torch.float32,CPU_subnormal_to_signed_zero;CPU_subnormal_to_nonzero_candidate;CPU_zero_to_nonzero_candidate,1.9478048654114957e-43,1.6570091247558594e-05,,1e-05,0,310,7524,1039,306,True,0,failed
decode,nearzero_c3_g8_rbf16_vf32_flags011,1/2/4/8/16/28,independent,2,3,torch.float32,CPU_subnormal_to_signed_zero;CPU_subnormal_to_nonzero_candidate;CPU_zero_to_nonzero_candidate,1.3312335411085762e-43,1.1324882507324219e-05,,1e-05,0,404,7407,1091,325,True,0,failed
decode,nearzero_c3_g8_rbf16_vf32_flags011,1/2/4/8/16/28,independent,2,4,torch.float32,CPU_subnormal_to_signed_zero;CPU_subnormal_to_nonzero_candidate;CPU_zero_to_nonzero_candidate,1.3452465257518244e-43,1.1444091796875e-05,,1e-05,0,378,7394,1071,358,True,0,failed
decode,nearzero_c3_g8_rbf16_vf32_flags011,1/2/4/8/16/28,independent,2,5,torch.float32,CPU_subnormal_to_signed_zero;CPU_subnormal_to_nonzero_candidate;CPU_zero_to_nonzero_candidate,1.4993893568275543e-43,1.2755393981933594e-05,,1e-05,0,382,7361,1005,370,True,0,failed
decode,nearzero_c3_g8_rbf16_vf32_flags011,1/2/4/8/16/28,independent,2,6,torch.float32,CPU_subnormal_to_signed_zero;CPU_subnormal_to_nonzero_candidate;CPU_zero_to_nonzero_candidate,1.2051166793193427e-43,1.0251998901367188e-05,,1e-05,0,402,7328,1064,382,True,0,failed
decode,nearzero_c3_g8_rbf16_vf32_flags011,1/2/4/8/16/28,independent,2,7,torch.float32,CPU_subnormal_to_signed_zero;CPU_subnormal_to_nonzero_candidate;CPU_zero_to_nonzero_candidate,1.5694542800437951e-43,1.33514404296875e-05,,1e-05,0,338,7449,982,348,True,0,failed
decode,nearzero_c3_g8_rbf16_vf32_flags011,1/2/4/8/16/28,fla,1,4,torch.float32,CPU_subnormal_to_nonzero_candidate,8.211048481557698e-41,0.006985187530517578,,1e-05,0,0,7897,7885,0,False,1,failed
decode,nearzero_c3_g8_rf32_vbf16_flags010,1/2/4/8/16/28,independent,1,3,torch.bfloat16,CPU_subnormal_to_signed_zero;CPU_subnormal_to_nonzero_candidate,1.6736940702079896e-39,0.14238214492797852,,1e-05,0,7335,474,0,0,True,0,failed
decode,nearzero_c3_g8_rf32_vbf16_flags010,1/2/4/8/16/28,independent,1,4,torch.bfloat16,CPU_subnormal_to_signed_zero;CPU_subnormal_to_nonzero_candidate,8.260934706887662e-41,0.007027626037597656,,1e-05,0,7666,12,0,0,True,0,failed
decode,nearzero_c3_g8_rf32_vbf16_flags010,1/2/4/8/16/28,fla,1,3,torch.bfloat16,CPU_subnormal_to_signed_zero;CPU_subnormal_to_nonzero_candidate,1.6736940702079896e-39,0.14238214492797852,,1e-05,0,7196,474,0,0,True,0,failed
decode,nearzero_c3_g8_rf32_vbf16_flags010,1/2/4/8/16/28,fla,1,4,torch.bfloat16,CPU_subnormal_to_signed_zero;CPU_subnormal_to_nonzero_candidate,8.260234057655499e-41,0.007027029991149902,,1e-05,0,7567,12,0,0,True,0,failed
decode,nearzero_c3_g8_rf32_vbf16_flags011,1/2/4/8/16/28,independent,1,3,torch.bfloat16,CPU_subnormal_to_signed_zero;CPU_subnormal_to_nonzero_candidate,1.6737291026695977e-39,0.14238512516021729,,1e-05,0,7494,474,0,0,True,0,failed
decode,nearzero_c3_g8_rf32_vbf16_flags011,1/2/4/8/16/28,independent,1,4,torch.bfloat16,CPU_subnormal_to_signed_zero;CPU_subnormal_to_nonzero_candidate,8.260234057655499e-41,0.007027029991149902,,1e-05,0,7913,12,0,0,True,0,failed
decode,nearzero_c3_g8_rf32_vbf16_flags011,1/2/4/8/16/28,fla,1,3,torch.bfloat16,CPU_subnormal_to_signed_zero;CPU_subnormal_to_nonzero_candidate,1.673734707863455e-39,0.1423856019973755,,1e-05,0,7477,474,0,0,True,0,failed
decode,nearzero_c3_g8_rf32_vbf16_flags011,1/2/4/8/16/28,fla,1,4,torch.bfloat16,CPU_subnormal_to_signed_zero;CPU_subnormal_to_nonzero_candidate,8.260234057655499e-41,0.007027029991149902,,1e-05,0,7880,12,0,0,True,0,failed
decode,nearzero_c3_g8_rf32_vf32_flags010,1/2/4/8/16/28,independent,1,3,torch.float32,CPU_subnormal_to_signed_zero;CPU_subnormal_to_nonzero_candidate;CPU_zero_to_nonzero_candidate,1.6756138491041146e-39,0.14254546165466309,,1e-05,0,419,7379,1119,304,False,3,failed
decode,nearzero_c3_g8_rf32_vf32_flags010,1/2/4/8/16/28,independent,1,4,torch.float32,CPU_subnormal_to_signed_zero;CPU_subnormal_to_nonzero_candidate;CPU_zero_to_nonzero_candidate,8.273126003527288e-41,0.007037997245788574,,1e-05,0,494,7179,1164,391,False,1,failed
decode,nearzero_c3_g8_rf32_vf32_flags010,1/2/4/8/16/28,independent,1,5,torch.float32,CPU_subnormal_to_signed_zero;CPU_subnormal_to_nonzero_candidate;CPU_zero_to_nonzero_candidate,3.7736967644267324e-42,0.0003210306167602539,,1e-05,0,574,7039,1149,415,True,0,failed
decode,nearzero_c3_g8_rf32_vf32_flags010,1/2/4/8/16/28,independent,1,6,torch.float32,CPU_subnormal_to_signed_zero;CPU_subnormal_to_nonzero_candidate;CPU_zero_to_nonzero_candidate,1.5134023414708024e-43,1.2874603271484375e-05,,1e-05,0,623,6972,1109,437,True,0,failed
decode,nearzero_c3_g8_rf32_vf32_flags010,1/2/4/8/16/28,independent,1,7,torch.float32,CPU_subnormal_to_signed_zero;CPU_subnormal_to_nonzero_candidate;CPU_zero_to_nonzero_candidate,8.96831017167883e-44,7.62939453125e-06,,1e-05,0,819,6663,1139,450,True,0,failed
decode,nearzero_c3_g8_rf32_vf32_flags010,1/2/4/8/16/28,independent,2,0,torch.float32,CPU_subnormal_to_signed_zero;CPU_subnormal_to_nonzero_candidate;CPU_zero_to_nonzero_candidate,1.0789998175301091e-43,9.179115295410156e-06,,1e-05,0,503,7100,1135,481,True,0,failed
decode,nearzero_c3_g8_rf32_vf32_flags010,1/2/4/8/16/28,independent,2,1,torch.float32,CPU_subnormal_to_signed_zero;CPU_subnormal_to_nonzero_candidate;CPU_zero_to_nonzero_candidate,8.688050478813866e-44,7.3909759521484375e-06,,1e-05,0,613,6776,1039,612,True,0,failed
decode,nearzero_c3_g8_rf32_vf32_flags010,1/2/4/8/16/28,independent,2,2,torch.float32,CPU_subnormal_to_signed_zero;CPU_subnormal_to_nonzero_candidate;CPU_zero_to_nonzero_candidate,8.688050478813866e-44,7.3909759521484375e-06,,1e-05,0,595,6987,1141,490,True,0,failed
decode,nearzero_c3_g8_rf32_vf32_flags010,1/2/4/8/16/28,independent,2,3,torch.float32,CPU_subnormal_to_signed_zero;CPU_subnormal_to_nonzero_candidate;CPU_zero_to_nonzero_candidate,7.987401246651457e-44,6.794929504394531e-06,,1e-05,0,516,7056,1128,483,True,0,failed
decode,nearzero_c3_g8_rf32_vf32_flags010,1/2/4/8/16/28,independent,2,4,torch.float32,CPU_subnormal_to_signed_zero;CPU_subnormal_to_nonzero_candidate;CPU_zero_to_nonzero_candidate,8.547920632381384e-44,7.271766662597656e-06,,1e-05,0,662,6794,1161,541,True,0,failed
decode,nearzero_c3_g8_rf32_vf32_flags010,1/2/4/8/16/28,independent,2,5,torch.float32,CPU_subnormal_to_signed_zero;CPU_subnormal_to_nonzero_candidate;CPU_zero_to_nonzero_candidate,1.233142648605839e-43,1.049041748046875e-05,,1e-05,0,680,6801,1074,551,True,0,failed
decode,nearzero_c3_g8_rf32_vf32_flags010,1/2/4/8/16/28,independent,2,6,torch.float32,CPU_subnormal_to_signed_zero;CPU_subnormal_to_nonzero_candidate;CPU_zero_to_nonzero_candidate,1.0930128021733573e-43,9.298324584960938e-06,,1e-05,0,702,6714,1116,596,True,0,failed
decode,nearzero_c3_g8_rf32_vf32_flags010,1/2/4/8/16/28,independent,2,7,torch.float32,CPU_subnormal_to_signed_zero;CPU_subnormal_to_nonzero_candidate;CPU_zero_to_nonzero_candidate,1.0509738482436128e-43,8.940696716308594e-06,,1e-05,0,894,6312,1113,664,True,0,failed
decode,nearzero_c3_g8_rf32_vf32_flags010,1/2/4/8/16/28,fla,1,4,torch.float32,CPU_subnormal_to_nonzero_candidate,8.272425354295125e-41,0.00703740119934082,,1e-05,0,0,7570,7556,0,False,1,failed
decode,nearzero_c3_g8_rf32_vf32_flags011,1/2/4/8/16/28,independent,1,3,torch.float32,CPU_subnormal_to_signed_zero;CPU_subnormal_to_nonzero_candidate;CPU_zero_to_nonzero_candidate,1.6756488815657227e-39,0.14254844188690186,,1e-05,0,215,7771,1075,178,False,3,failed
decode,nearzero_c3_g8_rf32_vf32_flags011,1/2/4/8/16/28,independent,1,4,torch.float32,CPU_subnormal_to_signed_zero;CPU_subnormal_to_nonzero_candidate;CPU_zero_to_nonzero_candidate,8.272565484141558e-41,0.007037520408630371,,1e-05,0,253,7669,1032,227,False,1,failed
decode,nearzero_c3_g8_rf32_vf32_flags011,1/2/4/8/16/28,independent,1,5,torch.float32,CPU_subnormal_to_signed_zero;CPU_subnormal_to_nonzero_candidate;CPU_zero_to_nonzero_candidate,3.7582824813191594e-42,0.0003197193145751953,,1e-05,0,342,7512,1078,274,True,0,failed
decode,nearzero_c3_g8_rf32_vf32_flags011,1/2/4/8/16/28,independent,1,6,torch.float32,CPU_subnormal_to_signed_zero;CPU_subnormal_to_nonzero_candidate;CPU_zero_to_nonzero_candidate,1.6815581571897805e-43,1.430511474609375e-05,,1e-05,0,398,7353,1126,360,True,0,failed
decode,nearzero_c3_g8_rf32_vf32_flags011,1/2/4/8/16/28,independent,1,7,torch.float32,CPU_subnormal_to_signed_zero;CPU_subnormal_to_nonzero_candidate;CPU_zero_to_nonzero_candidate,1.7516230804060213e-43,1.4901161193847656e-05,,1e-05,0,372,7445,1112,312,True,0,failed
decode,nearzero_c3_g8_rf32_vf32_flags011,1/2/4/8/16/28,independent,2,0,torch.float32,CPU_subnormal_to_signed_zero;CPU_subnormal_to_nonzero_candidate;CPU_zero_to_nonzero_candidate,1.5414283107572988e-43,1.3113021850585938e-05,,1e-05,0,278,7557,1045,306,True,0,failed
decode,nearzero_c3_g8_rf32_vf32_flags011,1/2/4/8/16/28,independent,2,1,torch.float32,CPU_subnormal_to_signed_zero;CPU_subnormal_to_nonzero_candidate;CPU_zero_to_nonzero_candidate,1.064986832886861e-43,9.059906005859375e-06,,1e-05,0,291,7575,1046,286,True,0,failed
decode,nearzero_c3_g8_rf32_vf32_flags011,1/2/4/8/16/28,independent,2,2,torch.float32,CPU_subnormal_to_signed_zero;CPU_subnormal_to_nonzero_candidate;CPU_zero_to_nonzero_candidate,1.9478048654114957e-43,1.6570091247558594e-05,,1e-05,0,314,7517,1044,310,True,0,failed
decode,nearzero_c3_g8_rf32_vf32_flags011,1/2/4/8/16/28,independent,2,3,torch.float32,CPU_subnormal_to_signed_zero;CPU_subnormal_to_nonzero_candidate;CPU_zero_to_nonzero_candidate,1.3312335411085762e-43,1.1324882507324219e-05,,1e-05,0,403,7409,1088,323,True,0,failed
decode,nearzero_c3_g8_rf32_vf32_flags011,1/2/4/8/16/28,independent,2,4,torch.float32,CPU_subnormal_to_signed_zero;CPU_subnormal_to_nonzero_candidate;CPU_zero_to_nonzero_candidate,1.3452465257518244e-43,1.1444091796875e-05,,1e-05,0,371,7404,1073,351,True,0,failed
decode,nearzero_c3_g8_rf32_vf32_flags011,1/2/4/8/16/28,independent,2,5,torch.float32,CPU_subnormal_to_signed_zero;CPU_subnormal_to_nonzero_candidate;CPU_zero_to_nonzero_candidate,1.4993893568275543e-43,1.2755393981933594e-05,,1e-05,0,382,7360,1013,373,True,0,failed
decode,nearzero_c3_g8_rf32_vf32_flags011,1/2/4/8/16/28,independent,2,6,torch.float32,CPU_subnormal_to_signed_zero;CPU_subnormal_to_nonzero_candidate;CPU_zero_to_nonzero_candidate,1.1911036946760945e-43,1.0132789611816406e-05,,1e-05,0,395,7338,1067,375,True,0,failed
decode,nearzero_c3_g8_rf32_vf32_flags011,1/2/4/8/16/28,independent,2,7,torch.float32,CPU_subnormal_to_signed_zero;CPU_subnormal_to_nonzero_candidate;CPU_zero_to_nonzero_candidate,1.5694542800437951e-43,1.33514404296875e-05,,1e-05,0,342,7443,990,348,True,0,failed
decode,nearzero_c3_g8_rf32_vf32_flags011,1/2/4/8/16/28,fla,1,4,torch.float32,CPU_subnormal_to_nonzero_candidate,8.272004964755828e-41,0.007037043571472168,,1e-05,0,0,7896,7883,0,False,1,failed
